{
  "Version": 3,
  "Meta": {
    "Duration": 13.333,
    "Fps": 30.0,
    "Loop": true,
    "AreBeziersRestricted": true,
    "CurveCount": 10,
    "TotalSegmentCount": 92,
    "TotalPointCount": 126,
    "UserDataCount": 1,
    "TotalUserDataSize": 0
  },
  "Curves": [
    {
      "Target": "Model",
      "Id": "EyeBlink",
      "Segments": [
        0,
        1,
        2,
        0.867,
        1,
        0,
        1.033,
        0,
        0,
        2.033,
        1,
        0,
        2.2,
        0,
        0,
        2.4,
        1,
        2,
        3.033,
        1,
        0,
        3.2,
        0,
        0,
        3.4,
        1,
        2,
        4.367,
        1,
        0,
        4.6,
        0,
        1,
        4.867,
        0,
        5.133,
        0.535,
        5.4,
        0.54,
        1,
        6.4,
        0.558,
        7.4,
        0.566,
        8.4,
        0.582,
        1,
        8.544,
        0.584,
        8.689,
        1,
        8.833,
        1,
        0,
        9,
        0,
        0,
        9.2,
        1,
        2,
        9.767,
        1,
        0,
        9.933,
        0,
        0,
        10.133,
        1,
        2,
        10.933,
        1,
        0,
        11.1,
        0,
        0,
        11.3,
        1,
        2,
        12.867,
        1,
        0,
        13.033,
        0,
        0,
        13.233,
        1,
        2,
        13.333,
        1
      ]
    },
    {
      "Target": "Parameter",
      "Id": "ParamAngleY",
      "Segments": [
        0,
        0,
        2,
        0.733,
        0,
        0,
        1.267,
        -23,
        0,
        3.633,
        0,
        0,
        6.4,
        -11,
        0,
        6.933,
        19,
        0,
        7.433,
        -3,
        2,
        7.867,
        -3,
        1,
        8.078,
        -3,
        8.289,
        -4.895,
        8.5,
        -14,
        1,
        8.6,
        -18.313,
        8.7,
        -30,
        8.8,
        -30,
        0,
        9.767,
        6,
        0,
        11.3,
        0,
        2,
        13.333,
        0
      ]
    },
    {
      "Target": "Parameter",
      "Id": "ParamAngleX",
      "Segments": [
        0,
        0,
        2,
        0.733,
        0,
        0,
        1.267,
        30,
        1,
        2.056,
        30,
        2.844,
        10.743,
        3.633,
        0,
        1,
        4.555,
        -12.559,
        5.478,
        -21.833,
        6.4,
        -27.411,
        1,
        6.578,
        -28.486,
        6.755,
        -27.951,
        6.933,
        -27.951,
        1,
        7.1,
        -27.951,
        7.266,
        -27.943,
        7.433,
        -24.479,
        1,
        7.578,
        -21.478,
        7.722,
        -2.954,
        7.867,
        2.297,
        1,
        8.078,
        9.971,
        8.289,
        13.396,
        8.5,
        20.682,
        1,
        8.6,
        24.134,
        8.7,
        30,
        8.8,
        30,
        2,
        9.767,
        30,
        0,
        11.3,
        0,
        2,
        13.333,
        0
      ]
    },
    {
      "Target": "Parameter",
      "Id": "ParamAngleZ",
      "Segments": [
        0,
        0,
        2,
        2.3,
        0,
        0,
        3.767,
        26,
        1,
        4.167,
        26,
        4.567,
        11.138,
        4.967,
        0,
        1,
        5.578,
        -17.017,
        6.189,
        -21,
        6.8,
        -21,
        0,
        10.367,
        0,
        2,
        13.333,
        0
      ]
    },
    {
      "Target": "Parameter",
      "Id": "ParamEyeBallX",
      "Segments": [
        0,
        0,
        2,
        5.233,
        0,
        0,
        6.4,
        -0.9,
        0,
        9.1,
        0,
        2,
        13.333,
        0
      ]
    },
    {
      "Target": "Parameter",
      "Id": "ParamEyeBallY",
      "Segments": [
        0,
        0,
        2,
        5.233,
        0,
        0,
        6.4,
        -1,
        0,
        9.1,
        0,
        2,
        13.333,
        0
      ]
    },
    {
      "Target": "Parameter",
      "Id": "ParamMouthOpenY",
      "Segments": [
        0,
        0,
        2,
        1,
        0,
        0,
        1.6,
        1,
        2,
        4.867,
        1,
        0,
        5.167,
        0.1,
        2,
        6.333,
        0.1,
        0,
        6.733,
        0.8,
        1,
        6.811,
        0.8,
        6.889,
        0.223,
        6.967,
        0.2,
        1,
        7.478,
        0.048,
        7.989,
        0,
        8.5,
        0,
        0,
        8.6,
        1,
        2,
        10.167,
        1,
        0,
        11.9,
        0.9,
        2,
        13.333,
        0.9
      ]
    },
    {
      "Target": "Parameter",
      "Id": "ParamBreath",
      "Segments": [
        0,
        0,
        0,
        1,
        0.5,
        0,
        2,
        0,
        0,
        3,
        0.5,
        0,
        4,
        0,
        0,
        5,
        0.5,
        0,
        6,
        0,
        0,
        7,
        0.5,
        0,
        8,
        0,
        0,
        9,
        0.5,
        0,
        10,
        0,
        0,
        11,
        0.5,
        0,
        12,
        0,
        0,
        13,
        0.5,
        1,
        13.111,
        0.5,
        13.222,
        0.444,
        13.333,
        0.37
      ]
    },
    {
      "Target": "PartOpacity",
      "Id": "Part21",
      "Segments": [
        0,
        0,
        0,
        13.333,
        0
      ]
    },
    {
      "Target": "PartOpacity",
      "Id": "Part18",
      "Segments": [
        0,
        0,
        0,
        13.333,
        0
      ]
    }
  ],
  "UserData": [
    {
      "Time": 0.0,
      "Value": ""
    }
  ]
}