{
  "Version": 3,
  "Meta": {
    "Duration": 10.0,
    "Fps": 30.0,
    "Loop": true,
    "AreBeziersRestricted": true,
    "CurveCount": 12,
    "TotalSegmentCount": 80,
    "TotalPointCount": 98,
    "UserDataCount": 1,
    "TotalUserDataSize": 0
  },
  "Curves": [
    {
      "Target": "Model",
      "Id": "EyeBlink",
      "Segments": [
        0,
        1,
        2,
        0.033,
        1,
        0,
        0.2,
        0,
        0,
        1.2,
        1,
        0,
        1.367,
        0,
        0,
        1.567,
        1,
        2,
        2.2,
        1,
        0,
        2.367,
        0,
        0,
        2.567,
        1,
        2,
        3.533,
        1,
        0,
        3.7,
        0,
        0,
        3.9,
        1,
        2,
        4.733,
        1,
        0,
        4.9,
        0,
        0,
        5.1,
        1,
        2,
        5.667,
        1,
        0,
        5.833,
        0,
        0,
        6.033,
        1,
        2,
        6.833,
        1,
        0,
        7,
        0,
        0,
        7.2,
        1,
        2,
        8.767,
        1,
        0,
        8.933,
        0,
        0,
        9.133,
        1,
        2,
        10,
        1
      ]
    },
    {
      "Target": "Parameter",
      "Id": "ParamAngleY",
      "Segments": [
        0,
        0,
        2,
        0.7,
        0,
        0,
        1.367,
        -22,
        0,
        3.2,
        23,
        1,
        3.444,
        23,
        3.689,
        10.62,
        3.933,
        0,
        1,
        4.266,
        -14.481,
        4.6,
        -18,
        4.933,
        -18,
        0,
        7.367,
        25,
        0,
        9.3,
        -30,
        0,
        10,
        0
      ]
    },
    {
      "Target": "Parameter",
      "Id": "ParamAngleX",
      "Segments": [
        0,
        0,
        2,
        0.7,
        0,
        0,
        1.367,
        20,
        1,
        1.978,
        20,
        2.589,
        3.469,
        3.2,
        1,
        1,
        3.444,
        0.013,
        3.689,
        0.732,
        3.933,
        0,
        1,
        4.266,
        -0.998,
        4.6,
        -15,
        4.933,
        -15,
        0,
        7.367,
        30,
        2,
        9.3,
        30,
        0,
        10,
        0
      ]
    },
    {
      "Target": "Parameter",
      "Id": "ParamAngleZ",
      "Segments": [
        0,
        -25,
        1,
        0.233,
        -25,
        0.467,
        -12.77,
        0.7,
        0,
        1,
        1.111,
        22.499,
        1.522,
        30,
        1.933,
        30,
        0,
        2.967,
        -20,
        0,
        4.833,
        12,
        0,
        7.367,
        -25,
        2,
        10,
        -25
      ]
    },
    {
      "Target": "Parameter",
      "Id": "ParamEyeBallX",
      "Segments": [
        0,
        0,
        2,
        0.533,
        0,
        0,
        1.2,
        0.2,
        1,
        1.956,
        0.2,
        2.711,
        0.176,
        3.467,
        0,
        1,
        3.734,
        -0.062,
        4,
        -1,
        4.267,
        -1,
        2,
        5.467,
        -1,
        0,
        5.8,
        0,
        2,
        10,
        0
      ]
    },
    {
      "Target": "Parameter",
      "Id": "ParamEyeBallY",
      "Segments": [
        0,
        0,
        2,
        0.533,
        0,
        0,
        1.2,
        -0.8,
        0,
        3.467,
        0,
        0,
        4.267,
        -1,
        2,
        5.467,
        -1,
        0,
        5.8,
        0,
        2,
        10,
        0
      ]
    },
    {
      "Target": "Parameter",
      "Id": "ParamMouthOpenY",
      "Segments": [
        0,
        0,
        0,
        1.367,
        1,
        0,
        4.367,
        0,
        0,
        6.4,
        1,
        0,
        8.367,
        0,
        2,
        10,
        0
      ]
    },
    {
      "Target": "Parameter",
      "Id": "ParamBreath",
      "Segments": [
        0,
        0,
        0,
        1,
        1,
        0,
        2,
        0,
        0,
        3,
        1,
        0,
        4,
        0,
        0,
        5,
        1,
        0,
        6,
        0,
        0,
        7,
        1,
        0,
        8,
        0,
        0,
        9,
        1,
        0,
        10,
        0
      ]
    },
    {
      "Target": "PartOpacity",
      "Id": "Part17",
      "Segments": [
        0,
        0,
        0,
        10,
        0
      ]
    },
    {
      "Target": "PartOpacity",
      "Id": "Part21",
      "Segments": [
        0,
        0,
        0,
        10,
        0
      ]
    },
    {
      "Target": "PartOpacity",
      "Id": "Part18",
      "Segments": [
        0,
        0,
        0,
        10,
        0
      ]
    },
    {
      "Target": "PartOpacity",
      "Id": "Part20",
      "Segments": [
        0,
        0,
        0,
        10,
        0
      ]
    }
  ],
  "UserData": [
    {
      "Time": 0.0,
      "Value": ""
    }
  ]
}