{
  "Version": 3,
  "Meta": {
    "Duration": 3.97,
    "Fps": 30.0,
    "Loop": true,
    "AreBeziersRestricted": true,
    "CurveCount": 15,
    "TotalSegmentCount": 111,
    "TotalPointCount": 165,
    "UserDataCount": 1,
    "TotalUserDataSize": 0
  },
  "Curves": [
    {
      "Target": "Model",
      "Id": "EyeBlink",
      "Segments": [
        0,
        1,
        2,
        0.433,
        1,
        0,
        0.6,
        0,
        0,
        0.8,
        1,
        2,
        1.933,
        1,
        0,
        2.1,
        0,
        0,
        2.3,
        1,
        2,
        2.533,
        1,
        0,
        2.7,
        0,
        0,
        2.9,
        1,
        2,
        3.6,
        1,
        0,
        3.767,
        0,
        0,
        3.967,
        1
      ]
    },
    {
      "Target": "Parameter",
      "Id": "ParamAngleY",
      "Segments": [
        0,
        -2.222,
        1,
        0.033,
        -0.833,
        0.067,
        0,
        0.1,
        0,
        0,
        0.5,
        -30,
        0,
        1.1,
        0,
        0,
        1.5,
        -21,
        0,
        2.1,
        0,
        0,
        2.5,
        -30,
        0,
        3.1,
        0,
        0,
        3.5,
        -17,
        1,
        3.656,
        -17,
        3.811,
        -6.716,
        3.967,
        -2.145
      ]
    },
    {
      "Target": "Parameter",
      "Id": "ParamAngleX",
      "Segments": [
        0,
        -0.815,
        1,
        0.033,
        -0.306,
        0.067,
        0,
        0.1,
        0,
        0,
        0.5,
        -11,
        1,
        0.7,
        -11,
        0.9,
        -9.184,
        1.1,
        0,
        1,
        1.233,
        6.123,
        1.367,
        16,
        1.5,
        16,
        1,
        1.7,
        16,
        1.9,
        10.797,
        2.1,
        0,
        1,
        2.233,
        -7.198,
        2.367,
        -11,
        2.5,
        -11,
        0,
        3.1,
        0,
        0,
        3.5,
        -15,
        1,
        3.656,
        -15,
        3.811,
        -5.926,
        3.967,
        -1.893
      ]
    },
    {
      "Target": "Parameter",
      "Id": "ParamAngleZ",
      "Segments": [
        0,
        -2.148,
        1,
        0.033,
        -0.806,
        0.067,
        0,
        0.1,
        0,
        0,
        0.5,
        -29,
        0,
        1.1,
        0,
        0,
        1.5,
        -29,
        0,
        2.1,
        26,
        0,
        2.5,
        -29,
        0,
        3.1,
        0,
        0,
        3.5,
        -29,
        1,
        3.656,
        -29,
        3.811,
        -11.457,
        3.967,
        -3.66
      ]
    },
    {
      "Target": "Parameter",
      "Id": "ParamEyeBallX",
      "Segments": [
        0,
        0,
        2,
        0.533,
        0,
        0,
        1.233,
        0.4,
        0,
        1.833,
        -0.5,
        0,
        2.767,
        0.5,
        0,
        3.667,
        -0.6,
        1,
        3.767,
        -0.6,
        3.867,
        -0.576,
        3.967,
        -0.538
      ]
    },
    {
      "Target": "Parameter",
      "Id": "ParamEyeBallY",
      "Segments": [
        0,
        0,
        2,
        0.533,
        0,
        0,
        1.233,
        -0.6,
        1,
        1.433,
        -0.6,
        1.633,
        -0.612,
        1.833,
        -0.4,
        1,
        2.144,
        -0.07,
        2.456,
        0.4,
        2.767,
        0.4,
        1,
        3.067,
        0.4,
        3.367,
        0.403,
        3.667,
        0.1,
        1,
        3.767,
        -0.001,
        3.867,
        -0.106,
        3.967,
        -0.209
      ]
    },
    {
      "Target": "Parameter",
      "Id": "ParamMouthOpenY",
      "Segments": [
        0,
        0.7,
        0,
        0.233,
        0.6,
        0,
        1.167,
        1,
        0,
        2.067,
        0.4,
        1,
        2.278,
        0.4,
        2.489,
        0.402,
        2.7,
        0.5,
        1,
        2.856,
        0.572,
        3.011,
        0.8,
        3.167,
        0.8,
        1,
        3.434,
        0.8,
        3.7,
        0.779,
        3.967,
        0.7
      ]
    },
    {
      "Target": "Parameter",
      "Id": "ParamBodyAngleX",
      "Segments": [
        0,
        0,
        0,
        0.367,
        -10,
        1,
        0.567,
        -10,
        0.767,
        -5.866,
        0.967,
        0,
        1,
        1.1,
        3.911,
        1.234,
        5,
        1.367,
        5,
        0,
        1.967,
        0,
        0,
        2.367,
        4,
        0,
        2.967,
        0,
        0,
        3.367,
        7,
        1,
        3.567,
        7,
        3.767,
        5.85,
        3.967,
        0
      ]
    },
    {
      "Target": "Parameter",
      "Id": "ParamBodyAngleY",
      "Segments": [
        0,
        0,
        0,
        0.367,
        -0.4,
        0,
        0.967,
        0,
        0,
        1.367,
        -6.9,
        0,
        1.967,
        0,
        0,
        2.367,
        -6.9,
        0,
        2.967,
        0,
        2,
        3.367,
        0,
        2,
        3.967,
        0
      ]
    },
    {
      "Target": "Parameter",
      "Id": "ParamBreath",
      "Segments": [
        0,
        0,
        0,
        0.367,
        1,
        0,
        0.967,
        0,
        0,
        1.367,
        1,
        0,
        1.967,
        0,
        0,
        2.367,
        1,
        0,
        2.967,
        0,
        0,
        3.367,
        1,
        0,
        3.967,
        0
      ]
    },
    {
      "Target": "Parameter",
      "Id": "ParamHairFront",
      "Segments": [
        0,
        0.748,
        1,
        0.044,
        0.901,
        0.089,
        1,
        0.133,
        1,
        0,
        0.533,
        -1,
        0,
        1.133,
        1,
        0,
        1.533,
        -1,
        0,
        2.133,
        1,
        0,
        2.533,
        -1,
        0,
        3.133,
        1,
        0,
        3.533,
        -1,
        1,
        3.678,
        -1,
        3.822,
        0.043,
        3.967,
        0.623
      ]
    },
    {
      "Target": "Parameter",
      "Id": "ParamHairSide",
      "Segments": [
        0,
        -0.748,
        1,
        0.044,
        -0.901,
        0.089,
        -1,
        0.133,
        -1,
        0,
        0.533,
        1,
        0,
        1.133,
        -1,
        0,
        1.533,
        1,
        0,
        2.133,
        -1,
        0,
        2.533,
        1,
        0,
        3.133,
        -1,
        0,
        3.533,
        1,
        1,
        3.678,
        1,
        3.822,
        -0.043,
        3.967,
        -0.623
      ]
    },
    {
      "Target": "Parameter",
      "Id": "ParamHairBack",
      "Segments": [
        0,
        -0.374,
        1,
        0.044,
        -0.451,
        0.089,
        -0.5,
        0.133,
        -0.5,
        0,
        0.533,
        0.5,
        0,
        1.133,
        -0.5,
        0,
        1.533,
        0.5,
        0,
        2.133,
        -0.5,
        0,
        2.533,
        0.5,
        0,
        3.133,
        -0.5,
        0,
        3.533,
        0.5,
        1,
        3.678,
        0.5,
        3.822,
        -0.022,
        3.967,
        -0.311
      ]
    },
    {
      "Target": "PartOpacity",
      "Id": "Part21",
      "Segments": [
        0,
        0,
        0,
        3.97,
        0
      ]
    },
    {
      "Target": "PartOpacity",
      "Id": "Part18",
      "Segments": [
        0,
        0,
        0,
        3.97,
        0
      ]
    }
  ],
  "UserData": [
    {
      "Time": 0.0,
      "Value": ""
    }
  ]
}