{
  "Version": 3,
  "Meta": {
    "Duration": 9.8,
    "Fps": 30.0,
    "Loop": true,
    "AreBeziersRestricted": true,
    "CurveCount": 13,
    "TotalSegmentCount": 101,
    "TotalPointCount": 141,
    "UserDataCount": 1,
    "TotalUserDataSize": 0
  },
  "Curves": [
    {
      "Target": "Model",
      "Id": "EyeBlink",
      "Segments": [
        0,
        1,
        2,
        0.033,
        1,
        0,
        0.2,
        0,
        0,
        1.2,
        1,
        0,
        1.367,
        0,
        0,
        1.567,
        1,
        2,
        2.2,
        1,
        0,
        2.367,
        0,
        0,
        2.567,
        1,
        2,
        3.533,
        1,
        0,
        3.7,
        0,
        0,
        3.9,
        1,
        2,
        4.733,
        1,
        0,
        4.9,
        0,
        0,
        5.1,
        1,
        2,
        5.667,
        1,
        0,
        5.833,
        0,
        0,
        6.033,
        1,
        2,
        6.833,
        1,
        0,
        7,
        0,
        0,
        7.2,
        1,
        2,
        8.767,
        1,
        0,
        8.933,
        0,
        0,
        9.133,
        1,
        2,
        9.8,
        1
      ]
    },
    {
      "Target": "Parameter",
      "Id": "ParamAngleY",
      "Segments": [
        0,
        0,
        0,
        0.8,
        -1,
        0,
        1.533,
        17,
        0,
        3.1,
        -30,
        1,
        3.622,
        -30,
        4.145,
        -27.063,
        4.667,
        -13,
        1,
        5.178,
        0.764,
        5.689,
        15,
        6.2,
        15,
        1,
        6.611,
        15,
        7.022,
        -10.243,
        7.433,
        -13,
        1,
        8.044,
        -17.099,
        8.656,
        -17,
        9.267,
        -17,
        1,
        9.445,
        -17,
        9.622,
        -8.008,
        9.8,
        -3.104
      ]
    },
    {
      "Target": "Parameter",
      "Id": "ParamAngleX",
      "Segments": [
        0,
        0,
        0,
        0.8,
        -8,
        1,
        1.044,
        -8,
        1.289,
        -4.077,
        1.533,
        4,
        1,
        2.055,
        21.255,
        2.578,
        30,
        3.1,
        30,
        0,
        4.667,
        -11,
        1,
        5.178,
        -11,
        5.689,
        -6.322,
        6.2,
        1,
        1,
        6.611,
        6.889,
        7.022,
        9,
        7.433,
        9,
        0,
        9.267,
        -18,
        1,
        9.445,
        -18,
        9.622,
        -8.479,
        9.8,
        -3.286
      ]
    },
    {
      "Target": "Parameter",
      "Id": "ParamAngleZ",
      "Segments": [
        0,
        0,
        1,
        0.611,
        0,
        1.222,
        7.19,
        1.833,
        17,
        1,
        2.444,
        26.81,
        3.056,
        30,
        3.667,
        30,
        0,
        5.233,
        -11,
        0,
        7.3,
        0,
        0,
        8.4,
        -13,
        1,
        8.867,
        -13,
        9.333,
        -3.047,
        9.8,
        -0.559
      ]
    },
    {
      "Target": "Parameter",
      "Id": "ParamMouthOpenY",
      "Segments": [
        0,
        0,
        0,
        1.367,
        1,
        0,
        4.367,
        0,
        0,
        6.4,
        1,
        0,
        8.367,
        0,
        2,
        9.8,
        0
      ]
    },
    {
      "Target": "Parameter",
      "Id": "ParamBodyAngleX",
      "Segments": [
        0,
        0,
        0,
        0.5,
        -1,
        0,
        1.033,
        2,
        2,
        1.7,
        2,
        0,
        2.367,
        -2,
        1,
        2.622,
        -2,
        2.878,
        -1.951,
        3.133,
        -1,
        1,
        3.289,
        -0.421,
        3.444,
        2,
        3.6,
        2,
        0,
        4.267,
        -8,
        0,
        5.2,
        6,
        1,
        5.344,
        6,
        5.489,
        3.854,
        5.633,
        3,
        1,
        5.922,
        1.292,
        6.211,
        1,
        6.5,
        1,
        0,
        7.167,
        4,
        1,
        7.278,
        4,
        7.389,
        0.856,
        7.5,
        0,
        1,
        7.633,
        -1.028,
        7.767,
        -1,
        7.9,
        -1,
        0,
        8.433,
        2,
        2,
        9.1,
        2,
        0,
        9.767,
        -2,
        2,
        9.8,
        -2
      ]
    },
    {
      "Target": "Parameter",
      "Id": "ParamBodyAngleY",
      "Segments": [
        0,
        0,
        0,
        0.5,
        -10,
        0,
        1.033,
        0,
        0,
        1.7,
        -10,
        0,
        2.367,
        0,
        0,
        3.133,
        -10,
        0,
        3.6,
        0,
        2,
        4.267,
        0,
        2,
        5.2,
        0,
        0,
        5.633,
        -10,
        0,
        6.5,
        0,
        0,
        7.167,
        -7.1,
        0,
        7.5,
        0,
        0,
        7.9,
        -10,
        0,
        8.433,
        0,
        0,
        9.1,
        -10,
        0,
        9.767,
        0,
        2,
        9.8,
        0
      ]
    },
    {
      "Target": "Parameter",
      "Id": "ParamBreath",
      "Segments": [
        0,
        0,
        0,
        1,
        1,
        0,
        2,
        0,
        0,
        3,
        1,
        0,
        4,
        0,
        0,
        5,
        1,
        0,
        6,
        0,
        0,
        7,
        1,
        0,
        8.433,
        0,
        0,
        9.5,
        1,
        1,
        9.6,
        1,
        9.7,
        0.64,
        9.8,
        0.352
      ]
    },
    {
      "Target": "Parameter",
      "Id": "ParamEyeLOpen",
      "Segments": [
        0,
        1,
        0,
        9.8,
        1
      ]
    },
    {
      "Target": "Parameter",
      "Id": "ParamBodyAngleZ",
      "Segments": [
        0,
        -10,
        0,
        9.8,
        -10
      ]
    },
    {
      "Target": "PartOpacity",
      "Id": "Part17",
      "Segments": [
        0,
        0,
        0,
        9.8,
        0
      ]
    },
    {
      "Target": "PartOpacity",
      "Id": "Part21",
      "Segments": [
        0,
        0,
        0,
        9.8,
        0
      ]
    },
    {
      "Target": "PartOpacity",
      "Id": "Part20",
      "Segments": [
        0,
        0,
        0,
        9.8,
        0
      ]
    }
  ],
  "UserData": [
    {
      "Time": 0.0,
      "Value": ""
    }
  ]
}