{
  "Version": 3,
  "Meta": {
    "Duration": 10.0,
    "Fps": 30.0,
    "Loop": true,
    "AreBeziersRestricted": true,
    "CurveCount": 7,
    "TotalSegmentCount": 27,
    "TotalPointCount": 27,
    "UserDataCount": 1,
    "TotalUserDataSize": 0
  },
  "Curves": [
    {
      "Target": "Model",
      "Id": "EyeBlink",
      "Segments": [
        0,
        1,
        2,
        0.2,
        1,
        0,
        0.367,
        0,
        0,
        0.567,
        1,
        0,
        1.167,
        0,
        2,
        3.333,
        0,
        0,
        3.967,
        1,
        2,
        10,
        1
      ]
    },
    {
      "Target": "Parameter",
      "Id": "ParamMouthOpenY",
      "Segments": [
        0,
        0,
        2,
        0.567,
        0,
        2,
        1.1,
        0,
        2,
        3.333,
        0,
        0,
        3.967,
        1,
        2,
        10,
        1
      ]
    },
    {
      "Target": "Parameter",
      "Id": "ParamBreath",
      "Segments": [
        0,
        0,
        0,
        1,
        1,
        0,
        2,
        0,
        0,
        3,
        1,
        0,
        4,
        0,
        0,
        5,
        1,
        0,
        6,
        0,
        0,
        7,
        1,
        0,
        8,
        0,
        0,
        9,
        1,
        0,
        10,
        0
      ]
    },
    {
      "Target": "Parameter",
      "Id": "ParamAngleY",
      "Segments": [
        0,
        0,
        0,
        10,
        0
      ]
    },
    {
      "Target": "Parameter",
      "Id": "ParamAngleX",
      "Segments": [
        0,
        0,
        0,
        10,
        0
      ]
    },
    {
      "Target": "PartOpacity",
      "Id": "Part21",
      "Segments": [
        0,
        0,
        0,
        10,
        0
      ]
    },
    {
      "Target": "PartOpacity",
      "Id": "Part18",
      "Segments": [
        0,
        0,
        0,
        10,
        0
      ]
    }
  ],
  "UserData": [
    {
      "Time": 0.0,
      "Value": ""
    }
  ]
}