{
  "Version": 3,
  "Meta": {
    "Duration": 3.6,
    "Fps": 30.0,
    "Loop": true,
    "AreBeziersRestricted": true,
    "CurveCount": 15,
    "TotalSegmentCount": 98,
    "TotalPointCount": 134,
    "UserDataCount": 1,
    "TotalUserDataSize": 0
  },
  "Curves": [
    {
      "Target": "Model",
      "Id": "EyeBlink",
      "Segments": [
        0,
        1,
        2,
        0.4,
        1,
        0,
        0.567,
        0,
        0,
        0.733,
        1,
        2,
        1.767,
        1,
        0,
        1.9,
        0,
        0,
        2.1,
        1,
        2,
        2.3,
        1,
        0,
        2.433,
        0,
        0,
        2.633,
        1,
        2,
        3.6,
        1
      ]
    },
    {
      "Target": "Parameter",
      "Id": "ParamAngleY",
      "Segments": [
        0,
        -2.769,
        1,
        0.033,
        -1.055,
        0.067,
        0,
        0.1,
        0,
        0,
        0.467,
        -30,
        0,
        1,
        0,
        0,
        1.367,
        -30,
        0,
        1.9,
        0,
        0,
        2.267,
        -30,
        0,
        2.8,
        0,
        0,
        3.167,
        -30,
        1,
        3.311,
        -30,
        3.456,
        -10.195,
        3.6,
        -2.769
      ]
    },
    {
      "Target": "Parameter",
      "Id": "ParamAngleX",
      "Segments": [
        0,
        -1.015,
        1,
        0.033,
        -0.387,
        0.067,
        0,
        0.1,
        0,
        0,
        0.467,
        -11,
        0,
        1,
        0,
        0,
        1.367,
        -11,
        0,
        1.9,
        0,
        0,
        2.267,
        -11,
        0,
        2.8,
        0,
        0,
        3.167,
        -11,
        1,
        3.311,
        -11,
        3.456,
        -3.738,
        3.6,
        -1.015
      ]
    },
    {
      "Target": "Parameter",
      "Id": "ParamAngleZ",
      "Segments": [
        0,
        -2.676,
        1,
        0.033,
        -1.02,
        0.067,
        0,
        0.1,
        0,
        0,
        0.467,
        -29,
        0,
        1,
        0,
        0,
        1.367,
        -29,
        0,
        1.9,
        0,
        0,
        2.267,
        -29,
        0,
        2.8,
        0,
        0,
        3.167,
        -29,
        1,
        3.311,
        -29,
        3.456,
        -9.855,
        3.6,
        -2.676
      ]
    },
    {
      "Target": "Parameter",
      "Id": "ParamMouthOpenY",
      "Segments": [
        0,
        0.7,
        1,
        0.078,
        0.7,
        0.155,
        0.697,
        0.233,
        0.6,
        1,
        0.511,
        0.252,
        0.789,
        0,
        1.067,
        0,
        0,
        1.867,
        1,
        1,
        2.2,
        1,
        2.534,
        1.004,
        2.867,
        0.8,
        1,
        3.111,
        0.651,
        3.356,
        0,
        3.6,
        0
      ]
    },
    {
      "Target": "Parameter",
      "Id": "ParamBodyAngleX",
      "Segments": [
        0,
        0,
        0,
        0.333,
        -10,
        1,
        0.522,
        -10,
        0.711,
        -6.252,
        0.9,
        0,
        1,
        1.011,
        3.678,
        1.122,
        5,
        1.233,
        5,
        0,
        1.8,
        0,
        0,
        2.133,
        4,
        0,
        2.7,
        0,
        0,
        3.033,
        7,
        0,
        3.6,
        0
      ]
    },
    {
      "Target": "Parameter",
      "Id": "ParamBodyAngleY",
      "Segments": [
        0,
        0,
        0,
        0.333,
        -0.4,
        0,
        0.9,
        0,
        0,
        1.233,
        -6.9,
        0,
        1.8,
        0,
        0,
        2.133,
        -6.9,
        0,
        2.7,
        0,
        2,
        3.033,
        0,
        2,
        3.6,
        0
      ]
    },
    {
      "Target": "Parameter",
      "Id": "ParamBreath",
      "Segments": [
        0,
        0,
        0,
        0.333,
        1,
        0,
        0.9,
        0,
        0,
        1.233,
        1,
        0,
        1.8,
        0,
        0,
        2.133,
        1,
        0,
        2.7,
        0,
        0,
        3.033,
        1,
        0,
        3.6,
        0
      ]
    },
    {
      "Target": "Parameter",
      "Id": "ParamHairFront",
      "Segments": [
        0,
        0.688,
        1,
        0.044,
        0.875,
        0.089,
        1,
        0.133,
        1,
        0,
        0.5,
        -1,
        0,
        1.033,
        1,
        0,
        1.4,
        -1,
        0,
        1.933,
        1,
        0,
        2.3,
        -1,
        0,
        2.833,
        1,
        0,
        3.2,
        -1,
        1,
        3.333,
        -1,
        3.467,
        0.125,
        3.6,
        0.688
      ]
    },
    {
      "Target": "Parameter",
      "Id": "ParamHairSide",
      "Segments": [
        0,
        -0.688,
        1,
        0.044,
        -0.875,
        0.089,
        -1,
        0.133,
        -1,
        0,
        0.5,
        1,
        0,
        1.033,
        -1,
        0,
        1.4,
        1,
        0,
        1.933,
        -1,
        0,
        2.3,
        1,
        0,
        2.833,
        -1,
        0,
        3.2,
        1,
        1,
        3.333,
        1,
        3.467,
        -0.125,
        3.6,
        -0.688
      ]
    },
    {
      "Target": "Parameter",
      "Id": "ParamHairBack",
      "Segments": [
        0,
        -0.344,
        1,
        0.044,
        -0.438,
        0.089,
        -0.5,
        0.133,
        -0.5,
        0,
        0.5,
        0.5,
        0,
        1.033,
        -0.5,
        0,
        1.4,
        0.5,
        0,
        1.933,
        -0.5,
        0,
        2.3,
        0.5,
        0,
        2.833,
        -0.5,
        0,
        3.2,
        0.5,
        1,
        3.333,
        0.5,
        3.467,
        -0.063,
        3.6,
        -0.344
      ]
    },
    {
      "Target": "PartOpacity",
      "Id": "Part17",
      "Segments": [
        0,
        0,
        0,
        3.6,
        0
      ]
    },
    {
      "Target": "PartOpacity",
      "Id": "Part21",
      "Segments": [
        0,
        0,
        0,
        3.6,
        0
      ]
    },
    {
      "Target": "PartOpacity",
      "Id": "Part18",
      "Segments": [
        0,
        1,
        0,
        3.6,
        1
      ]
    },
    {
      "Target": "PartOpacity",
      "Id": "Part20",
      "Segments": [
        0,
        0,
        0,
        3.6,
        0
      ]
    }
  ],
  "UserData": [
    {
      "Time": 0.0,
      "Value": ""
    }
  ]
}