{
  "Version": 3,
  "Meta": {
    "Duration": 4.1,
    "Fps": 30.0,
    "Loop": true,
    "AreBeziersRestricted": true,
    "CurveCount": 17,
    "TotalSegmentCount": 131,
    "TotalPointCount": 193,
    "UserDataCount": 1,
    "TotalUserDataSize": 0
  },
  "Curves": [
    {
      "Target": "Model",
      "Id": "EyeBlink",
      "Segments": [
        0,
        1,
        2,
        0.4,
        1,
        0,
        0.567,
        0,
        0,
        0.733,
        1,
        2,
        1.767,
        1,
        0,
        1.9,
        0,
        0,
        2.1,
        1,
        2,
        2.3,
        1,
        0,
        2.433,
        0,
        0,
        2.633,
        1,
        2,
        3.267,
        1,
        0,
        3.4,
        0,
        0,
        3.6,
        1,
        2,
        4.1,
        1
      ]
    },
    {
      "Target": "Parameter",
      "Id": "ParamAngleY",
      "Segments": [
        0,
        -2.769,
        1,
        0.033,
        -1.055,
        0.067,
        0,
        0.1,
        0,
        0,
        0.467,
        -30,
        0,
        1,
        0,
        0,
        1.367,
        -21,
        0,
        1.9,
        0,
        0,
        2.267,
        -30,
        0,
        2.8,
        0,
        0,
        3.167,
        -17,
        0,
        3.7,
        0,
        0,
        4.067,
        -30,
        1,
        4.078,
        -30,
        4.089,
        -29.614,
        4.1,
        -28.943
      ]
    },
    {
      "Target": "Parameter",
      "Id": "ParamAngleX",
      "Segments": [
        0,
        -1.015,
        1,
        0.033,
        -0.387,
        0.067,
        0,
        0.1,
        0,
        0,
        0.467,
        -11,
        1,
        0.645,
        -11,
        0.822,
        -9.173,
        1,
        0,
        1,
        1.122,
        6.306,
        1.245,
        16,
        1.367,
        16,
        1,
        1.545,
        16,
        1.722,
        10.667,
        1.9,
        0,
        1,
        2.022,
        -7.333,
        2.145,
        -11,
        2.267,
        -11,
        0,
        2.8,
        0,
        0,
        3.167,
        -15,
        0,
        3.7,
        0,
        0,
        4.067,
        -11,
        1,
        4.078,
        -11,
        4.089,
        -10.163,
        4.1,
        -8.729
      ]
    },
    {
      "Target": "Parameter",
      "Id": "ParamAngleZ",
      "Segments": [
        0,
        -2.676,
        1,
        0.033,
        -1.02,
        0.067,
        0,
        0.1,
        0,
        0,
        0.467,
        -29,
        0,
        1,
        0,
        0,
        1.367,
        -29,
        0,
        1.9,
        26,
        0,
        2.267,
        -29,
        0,
        2.8,
        0,
        0,
        3.167,
        -29,
        0,
        3.7,
        0,
        0,
        4.067,
        -12,
        1,
        4.078,
        -12,
        4.089,
        -11.887,
        4.1,
        -11.674
      ]
    },
    {
      "Target": "Parameter",
      "Id": "ParamEyeBallX",
      "Segments": [
        0,
        0,
        2,
        0.5,
        0,
        0,
        1.133,
        0.4,
        0,
        1.667,
        -0.5,
        0,
        2.5,
        0.5,
        0,
        3.3,
        -0.6,
        1,
        3.567,
        -0.6,
        3.833,
        -0.394,
        4.1,
        -0.224
      ]
    },
    {
      "Target": "Parameter",
      "Id": "ParamEyeBallY",
      "Segments": [
        0,
        0,
        2,
        0.5,
        0,
        0,
        1.133,
        -0.6,
        1,
        1.311,
        -0.6,
        1.489,
        -0.612,
        1.667,
        -0.4,
        1,
        1.945,
        -0.069,
        2.222,
        0.4,
        2.5,
        0.4,
        1,
        2.767,
        0.4,
        3.033,
        0.402,
        3.3,
        0.1,
        1,
        3.567,
        -0.202,
        3.833,
        -0.527,
        4.1,
        -0.745
      ]
    },
    {
      "Target": "Parameter",
      "Id": "ParamMouthOpenY",
      "Segments": [
        0,
        0.7,
        0,
        0.233,
        0.6,
        0,
        1.067,
        1,
        0,
        1.867,
        0.4,
        1,
        2.056,
        0.4,
        2.244,
        0.402,
        2.433,
        0.5,
        1,
        2.578,
        0.575,
        2.722,
        0.8,
        2.867,
        0.8,
        1,
        3.111,
        0.8,
        3.356,
        0.779,
        3.6,
        0.7,
        1,
        3.667,
        0.678,
        3.733,
        0.6,
        3.8,
        0.6,
        1,
        3.9,
        0.6,
        4,
        0.652,
        4.1,
        0.718
      ]
    },
    {
      "Target": "Parameter",
      "Id": "ParamBodyAngleX",
      "Segments": [
        0,
        0,
        0,
        0.333,
        -10,
        1,
        0.522,
        -10,
        0.711,
        -6.252,
        0.9,
        0,
        1,
        1.011,
        3.678,
        1.122,
        5,
        1.233,
        5,
        0,
        1.8,
        0,
        0,
        2.133,
        4,
        0,
        2.7,
        0,
        0,
        3.033,
        7,
        1,
        3.222,
        7,
        3.411,
        5.83,
        3.6,
        0,
        1,
        3.7,
        -3.086,
        3.8,
        -10,
        3.9,
        -10,
        1,
        3.967,
        -10,
        4.033,
        -6.563,
        4.1,
        -4.748
      ]
    },
    {
      "Target": "Parameter",
      "Id": "ParamBodyAngleY",
      "Segments": [
        0,
        0,
        0,
        0.333,
        -0.4,
        0,
        0.9,
        0,
        0,
        1.233,
        -6.9,
        0,
        1.8,
        0,
        0,
        2.133,
        -6.9,
        0,
        2.7,
        0,
        2,
        3.033,
        0,
        2,
        3.6,
        0,
        1,
        3.7,
        0,
        3.8,
        0.031,
        3.9,
        -0.4,
        1,
        3.967,
        -0.687,
        4.033,
        -2.466,
        4.1,
        -2.968
      ]
    },
    {
      "Target": "Parameter",
      "Id": "ParamBreath",
      "Segments": [
        0,
        0,
        0,
        0.333,
        1,
        0,
        0.9,
        0,
        0,
        1.233,
        1,
        0,
        1.8,
        0,
        0,
        2.133,
        1,
        0,
        2.7,
        0,
        0,
        3.033,
        1,
        0,
        3.6,
        0,
        0,
        3.9,
        1,
        1,
        3.967,
        1,
        4.033,
        0.875,
        4.1,
        0.714
      ]
    },
    {
      "Target": "Parameter",
      "Id": "ParamHairFront",
      "Segments": [
        0,
        0.688,
        1,
        0.044,
        0.875,
        0.089,
        1,
        0.133,
        1,
        0,
        0.5,
        -1,
        0,
        1.033,
        1,
        0,
        1.4,
        -1,
        0,
        1.933,
        1,
        0,
        2.3,
        -1,
        0,
        2.833,
        1,
        0,
        3.2,
        -1,
        0,
        3.733,
        1,
        0,
        4.1,
        -1
      ]
    },
    {
      "Target": "Parameter",
      "Id": "ParamHairSide",
      "Segments": [
        0,
        -0.688,
        1,
        0.044,
        -0.875,
        0.089,
        -1,
        0.133,
        -1,
        0,
        0.5,
        1,
        0,
        1.033,
        -1,
        0,
        1.4,
        1,
        0,
        1.933,
        -1,
        0,
        2.3,
        1,
        0,
        2.833,
        -1,
        0,
        3.2,
        1,
        0,
        3.733,
        -1,
        0,
        4.1,
        1
      ]
    },
    {
      "Target": "Parameter",
      "Id": "ParamHairBack",
      "Segments": [
        0,
        -0.344,
        1,
        0.044,
        -0.438,
        0.089,
        -0.5,
        0.133,
        -0.5,
        0,
        0.5,
        0.5,
        0,
        1.033,
        -0.5,
        0,
        1.4,
        0.5,
        0,
        1.933,
        -0.5,
        0,
        2.3,
        0.5,
        0,
        2.833,
        -0.5,
        0,
        3.2,
        0.5,
        0,
        3.733,
        -0.5,
        0,
        4.1,
        0.5
      ]
    },
    {
      "Target": "PartOpacity",
      "Id": "Part17",
      "Segments": [
        0,
        0,
        0,
        4.1,
        0
      ]
    },
    {
      "Target": "PartOpacity",
      "Id": "Part21",
      "Segments": [
        0,
        0,
        0,
        4.1,
        0
      ]
    },
    {
      "Target": "PartOpacity",
      "Id": "Part18",
      "Segments": [
        0,
        0,
        0,
        4.1,
        0
      ]
    },
    {
      "Target": "PartOpacity",
      "Id": "Part20",
      "Segments": [
        0,
        0,
        0,
        4.1,
        0
      ]
    }
  ],
  "UserData": [
    {
      "Time": 0.0,
      "Value": ""
    }
  ]
}