{
  "Version": 3,
  "Meta": {
    "Duration": 8.1,
    "Fps": 30.0,
    "Loop": true,
    "AreBeziersRestricted": true,
    "CurveCount": 17,
    "TotalSegmentCount": 237,
    "TotalPointCount": 345,
    "UserDataCount": 1,
    "TotalUserDataSize": 0
  },
  "Curves": [
    {
      "Target": "Model",
      "Id": "EyeBlink",
      "Segments": [
        0,
        1,
        2,
        0.4,
        1,
        0,
        0.567,
        0,
        0,
        0.733,
        1,
        2,
        1.767,
        1,
        0,
        1.9,
        0,
        0,
        2.1,
        1,
        2,
        2.3,
        1,
        0,
        2.433,
        0,
        0,
        2.633,
        1,
        2,
        3.267,
        1,
        0,
        3.4,
        0,
        0,
        3.6,
        1,
        2,
        4.833,
        1,
        0,
        5,
        0,
        0,
        5.167,
        1,
        2,
        5.333,
        1,
        0,
        5.467,
        0,
        0,
        5.667,
        1,
        2,
        6.967,
        1,
        0,
        7.133,
        0,
        0,
        7.3,
        1,
        2,
        8.1,
        1
      ]
    },
    {
      "Target": "Parameter",
      "Id": "ParamAngleY",
      "Segments": [
        0,
        -2.769,
        1,
        0.033,
        -1.055,
        0.067,
        0,
        0.1,
        0,
        0,
        0.467,
        -30,
        0,
        1,
        0,
        0,
        1.367,
        -21,
        0,
        1.9,
        0,
        0,
        2.267,
        -30,
        0,
        2.8,
        0,
        0,
        3.167,
        -17,
        0,
        3.7,
        0,
        0,
        4.067,
        -30,
        1,
        4.145,
        -30,
        4.222,
        -11.082,
        4.3,
        -8,
        1,
        4.4,
        -4.038,
        4.5,
        -4.319,
        4.6,
        0,
        1,
        4.722,
        5.279,
        4.845,
        21,
        4.967,
        21,
        1,
        5.145,
        21,
        5.322,
        17.508,
        5.5,
        0,
        1,
        5.622,
        -12.037,
        5.745,
        -30,
        5.867,
        -30,
        2,
        6.4,
        -30,
        2,
        6.933,
        -30,
        0,
        7.3,
        17,
        0,
        7.667,
        -30,
        1,
        7.811,
        -30,
        7.956,
        -10.195,
        8.1,
        -2.768
      ]
    },
    {
      "Target": "Parameter",
      "Id": "ParamAngleX",
      "Segments": [
        0,
        -1.015,
        1,
        0.033,
        -0.387,
        0.067,
        0,
        0.1,
        0,
        0,
        0.467,
        -11,
        1,
        0.645,
        -11,
        0.822,
        -9.173,
        1,
        0,
        1,
        1.122,
        6.306,
        1.245,
        16,
        1.367,
        16,
        1,
        1.545,
        16,
        1.722,
        10.667,
        1.9,
        0,
        1,
        2.022,
        -7.333,
        2.145,
        -11,
        2.267,
        -11,
        0,
        2.8,
        0,
        0,
        3.167,
        -15,
        0,
        3.7,
        0,
        0,
        4.067,
        -11,
        0,
        4.3,
        30,
        1,
        4.4,
        30,
        4.5,
        14.078,
        4.6,
        0,
        1,
        4.722,
        -17.207,
        4.845,
        -21,
        4.967,
        -21,
        0,
        5.5,
        0,
        0,
        5.867,
        -11,
        0,
        6.4,
        24,
        0,
        6.933,
        -11,
        0,
        7.3,
        21,
        0,
        7.667,
        -11,
        1,
        7.811,
        -11,
        7.956,
        -4.37,
        8.1,
        -1.884
      ]
    },
    {
      "Target": "Parameter",
      "Id": "ParamAngleZ",
      "Segments": [
        0,
        -2.676,
        1,
        0.033,
        -1.02,
        0.067,
        0,
        0.1,
        0,
        0,
        0.467,
        -29,
        0,
        1,
        0,
        0,
        1.367,
        -29,
        0,
        1.9,
        26,
        0,
        2.267,
        -29,
        0,
        2.8,
        0,
        0,
        3.167,
        -29,
        0,
        3.7,
        0,
        0,
        4.067,
        -12,
        0,
        4.6,
        17,
        0,
        4.967,
        -29,
        0,
        5.5,
        0,
        0,
        5.867,
        -29,
        0,
        6.4,
        15,
        0,
        6.933,
        -29,
        0,
        7.3,
        0,
        0,
        7.667,
        -29,
        1,
        7.811,
        -29,
        7.956,
        -9.855,
        8.1,
        -2.676
      ]
    },
    {
      "Target": "Parameter",
      "Id": "ParamEyeBallX",
      "Segments": [
        0,
        0,
        2,
        0.5,
        0,
        0,
        1.133,
        0.4,
        0,
        1.667,
        -0.5,
        0,
        2.5,
        0.5,
        0,
        3.3,
        -0.6,
        0,
        4.667,
        0,
        0,
        6.1,
        -0.6,
        0,
        7.4,
        0,
        2,
        8.1,
        0
      ]
    },
    {
      "Target": "Parameter",
      "Id": "ParamEyeBallY",
      "Segments": [
        0,
        0,
        2,
        0.5,
        0,
        0,
        1.133,
        -0.6,
        1,
        1.311,
        -0.6,
        1.489,
        -0.612,
        1.667,
        -0.4,
        1,
        1.945,
        -0.069,
        2.222,
        0.4,
        2.5,
        0.4,
        1,
        2.767,
        0.4,
        3.033,
        0.402,
        3.3,
        0.1,
        1,
        3.756,
        -0.415,
        4.211,
        -1,
        4.667,
        -1,
        1,
        5.145,
        -1,
        5.622,
        -0.236,
        6.1,
        -0.1,
        1,
        6.533,
        0.023,
        6.967,
        0,
        7.4,
        0,
        2,
        8.1,
        0
      ]
    },
    {
      "Target": "Parameter",
      "Id": "ParamMouthOpenY",
      "Segments": [
        0,
        0.7,
        0,
        0.233,
        0.6,
        0,
        1.067,
        1,
        0,
        1.867,
        0.4,
        1,
        2.056,
        0.4,
        2.244,
        0.402,
        2.433,
        0.5,
        1,
        2.578,
        0.575,
        2.722,
        0.8,
        2.867,
        0.8,
        1,
        3.111,
        0.8,
        3.356,
        0.779,
        3.6,
        0.7,
        1,
        3.667,
        0.678,
        3.733,
        0.6,
        3.8,
        0.6,
        0,
        4.633,
        1,
        0,
        5.433,
        0.4,
        0,
        6.433,
        0.8,
        1,
        6.678,
        0.8,
        6.922,
        0.779,
        7.167,
        0.7,
        1,
        7.234,
        0.678,
        7.3,
        0.6,
        7.367,
        0.6,
        1,
        7.611,
        0.6,
        7.856,
        0.91,
        8.1,
        0.984
      ]
    },
    {
      "Target": "Parameter",
      "Id": "ParamBodyAngleX",
      "Segments": [
        0,
        0,
        0,
        0.333,
        -10,
        1,
        0.522,
        -10,
        0.711,
        -6.252,
        0.9,
        0,
        1,
        1.011,
        3.678,
        1.122,
        5,
        1.233,
        5,
        0,
        1.8,
        0,
        0,
        2.133,
        4,
        0,
        2.7,
        0,
        0,
        3.033,
        7,
        1,
        3.222,
        7,
        3.411,
        5.83,
        3.6,
        0,
        1,
        3.7,
        -3.086,
        3.8,
        -10,
        3.9,
        -10,
        1,
        3.978,
        -10,
        4.055,
        -5.321,
        4.133,
        -4,
        1,
        4.244,
        -2.112,
        4.356,
        -1.876,
        4.467,
        0,
        1,
        4.578,
        1.876,
        4.689,
        5,
        4.8,
        5,
        0,
        5.367,
        0,
        0,
        5.7,
        4,
        1,
        5.8,
        4,
        5.9,
        3.407,
        6,
        2,
        1,
        6.089,
        0.75,
        6.178,
        0,
        6.267,
        0,
        0,
        6.6,
        6,
        0,
        7.167,
        0,
        0,
        7.333,
        4,
        0,
        7.633,
        -5,
        1,
        7.766,
        -5,
        7.9,
        -3.471,
        8.033,
        0,
        1,
        8.055,
        0.579,
        8.078,
        1.112,
        8.1,
        1.598
      ]
    },
    {
      "Target": "Parameter",
      "Id": "ParamBodyAngleY",
      "Segments": [
        0,
        0,
        0,
        0.333,
        -0.4,
        0,
        0.9,
        0,
        0,
        1.233,
        -6.9,
        0,
        1.8,
        0,
        0,
        2.133,
        -6.9,
        0,
        2.7,
        0,
        2,
        3.033,
        0,
        2,
        3.6,
        0,
        1,
        3.7,
        0,
        3.8,
        0.031,
        3.9,
        -0.4,
        1,
        3.978,
        -0.735,
        4.055,
        -3.1,
        4.133,
        -3.1,
        0,
        4.467,
        0,
        0,
        4.8,
        -6.9,
        0,
        5.367,
        0,
        0,
        5.7,
        -6.9,
        1,
        5.8,
        -6.9,
        5.9,
        -6.982,
        6,
        -6,
        1,
        6.089,
        -5.127,
        6.178,
        0,
        6.267,
        0,
        0,
        6.6,
        -10,
        0,
        7.167,
        0,
        0,
        7.333,
        -8.8,
        1,
        7.433,
        -8.8,
        7.533,
        -4.55,
        7.633,
        -2.7,
        1,
        7.766,
        -0.233,
        7.9,
        0,
        8.033,
        0,
        1,
        8.055,
        0,
        8.078,
        -0.228,
        8.1,
        -0.601
      ]
    },
    {
      "Target": "Parameter",
      "Id": "ParamBreath",
      "Segments": [
        0,
        0,
        0,
        0.333,
        1,
        0,
        0.9,
        0,
        0,
        1.233,
        1,
        0,
        1.8,
        0,
        0,
        2.133,
        1,
        0,
        2.7,
        0,
        0,
        3.033,
        1,
        0,
        3.6,
        0,
        0,
        3.9,
        1,
        0,
        4.467,
        0,
        0,
        4.8,
        1,
        0,
        5.367,
        0,
        0,
        5.7,
        1,
        0,
        6.267,
        0,
        0,
        6.6,
        1,
        0,
        7.167,
        0,
        0,
        7.5,
        1,
        0,
        8.067,
        0,
        2,
        8.1,
        0
      ]
    },
    {
      "Target": "Parameter",
      "Id": "ParamHairFront",
      "Segments": [
        0,
        0.688,
        1,
        0.044,
        0.875,
        0.089,
        1,
        0.133,
        1,
        0,
        0.5,
        -1,
        0,
        1.033,
        1,
        0,
        1.4,
        -1,
        0,
        1.933,
        1,
        0,
        2.3,
        -1,
        0,
        2.833,
        1,
        0,
        3.2,
        -1,
        0,
        3.733,
        1,
        0,
        4.1,
        -1,
        0,
        4.633,
        1,
        0,
        5,
        -1,
        0,
        5.533,
        1,
        0,
        5.9,
        -1,
        0,
        6.433,
        1,
        0,
        6.8,
        -1,
        0,
        7.333,
        1,
        0,
        7.7,
        -1,
        1,
        7.833,
        -1,
        7.967,
        0.125,
        8.1,
        0.688
      ]
    },
    {
      "Target": "Parameter",
      "Id": "ParamHairSide",
      "Segments": [
        0,
        -0.688,
        1,
        0.044,
        -0.875,
        0.089,
        -1,
        0.133,
        -1,
        0,
        0.5,
        1,
        0,
        1.033,
        -1,
        0,
        1.4,
        1,
        0,
        1.933,
        -1,
        0,
        2.3,
        1,
        0,
        2.833,
        -1,
        0,
        3.2,
        1,
        0,
        3.733,
        -1,
        0,
        4.1,
        1,
        0,
        4.633,
        -1,
        0,
        5,
        1,
        0,
        5.533,
        -1,
        0,
        5.9,
        1,
        0,
        6.433,
        -1,
        0,
        6.8,
        1,
        0,
        7.333,
        -1,
        0,
        7.7,
        1,
        1,
        7.833,
        1,
        7.967,
        -0.125,
        8.1,
        -0.688
      ]
    },
    {
      "Target": "Parameter",
      "Id": "ParamHairBack",
      "Segments": [
        0,
        -0.344,
        1,
        0.044,
        -0.438,
        0.089,
        -0.5,
        0.133,
        -0.5,
        0,
        0.5,
        0.5,
        0,
        1.033,
        -0.5,
        0,
        1.4,
        0.5,
        0,
        1.933,
        -0.5,
        0,
        2.3,
        0.5,
        0,
        2.833,
        -0.5,
        0,
        3.2,
        0.5,
        0,
        3.733,
        -0.5,
        0,
        4.1,
        0.5,
        0,
        4.633,
        -0.5,
        0,
        5,
        0.5,
        0,
        5.533,
        -0.5,
        0,
        5.9,
        0.5,
        0,
        6.433,
        -0.5,
        0,
        6.8,
        0.5,
        0,
        7.333,
        -0.5,
        0,
        7.7,
        0.5,
        1,
        7.833,
        0.5,
        7.967,
        -0.063,
        8.1,
        -0.344
      ]
    },
    {
      "Target": "PartOpacity",
      "Id": "Part17",
      "Segments": [
        0,
        0,
        0,
        8.1,
        0
      ]
    },
    {
      "Target": "PartOpacity",
      "Id": "Part21",
      "Segments": [
        0,
        0,
        0,
        8.1,
        0
      ]
    },
    {
      "Target": "PartOpacity",
      "Id": "Part18",
      "Segments": [
        0,
        0,
        0,
        8.1,
        0
      ]
    },
    {
      "Target": "PartOpacity",
      "Id": "Part20",
      "Segments": [
        0,
        0,
        0,
        8.1,
        0
      ]
    }
  ],
  "UserData": [
    {
      "Time": 0.0,
      "Value": ""
    }
  ]
}