{
  "Version": 3,
  "Meta": {
    "Duration": 8.97,
    "Fps": 30.0,
    "Loop": true,
    "AreBeziersRestricted": true,
    "CurveCount": 15,
    "TotalSegmentCount": 235,
    "TotalPointCount": 343,
    "UserDataCount": 1,
    "TotalUserDataSize": 0
  },
  "Curves": [
    {
      "Target": "Model",
      "Id": "EyeBlink",
      "Segments": [
        0,
        1,
        2,
        0.433,
        1,
        0,
        0.6,
        0,
        0,
        0.8,
        1,
        2,
        1.933,
        1,
        0,
        2.1,
        0,
        0,
        2.3,
        1,
        2,
        2.533,
        1,
        0,
        2.7,
        0,
        0,
        2.9,
        1,
        2,
        3.6,
        1,
        0,
        3.767,
        0,
        0,
        3.967,
        1,
        2,
        5.367,
        1,
        0,
        5.533,
        0,
        0,
        5.733,
        1,
        2,
        5.9,
        1,
        0,
        6.067,
        0,
        0,
        6.267,
        1,
        2,
        7.733,
        1,
        0,
        7.9,
        0,
        0,
        8.1,
        1,
        2,
        8.967,
        1
      ]
    },
    {
      "Target": "Parameter",
      "Id": "ParamAngleY",
      "Segments": [
        0,
        -2.222,
        1,
        0.033,
        -0.833,
        0.067,
        0,
        0.1,
        0,
        0,
        0.5,
        -30,
        0,
        1.1,
        0,
        0,
        1.5,
        -21,
        0,
        2.1,
        0,
        0,
        2.5,
        -30,
        0,
        3.1,
        0,
        0,
        3.5,
        -17,
        0,
        4.1,
        0,
        0,
        4.5,
        -30,
        1,
        4.589,
        -30,
        4.678,
        -11.193,
        4.767,
        -8,
        1,
        4.878,
        -4.009,
        4.989,
        -4.312,
        5.1,
        0,
        1,
        5.233,
        5.174,
        5.367,
        21,
        5.5,
        21,
        1,
        5.7,
        21,
        5.9,
        17.523,
        6.1,
        0,
        1,
        6.233,
        -11.682,
        6.367,
        -30,
        6.5,
        -30,
        2,
        7.1,
        -30,
        2,
        7.7,
        -30,
        0,
        8.1,
        17,
        0,
        8.5,
        -30,
        1,
        8.656,
        -30,
        8.811,
        -11.852,
        8.967,
        -3.786
      ]
    },
    {
      "Target": "Parameter",
      "Id": "ParamAngleX",
      "Segments": [
        0,
        -0.815,
        1,
        0.033,
        -0.306,
        0.067,
        0,
        0.1,
        0,
        0,
        0.5,
        -11,
        1,
        0.7,
        -11,
        0.9,
        -9.184,
        1.1,
        0,
        1,
        1.233,
        6.123,
        1.367,
        16,
        1.5,
        16,
        1,
        1.7,
        16,
        1.9,
        10.797,
        2.1,
        0,
        1,
        2.233,
        -7.198,
        2.367,
        -11,
        2.5,
        -11,
        0,
        3.1,
        0,
        0,
        3.5,
        -15,
        0,
        4.1,
        0,
        0,
        4.5,
        -11,
        0,
        4.767,
        30,
        1,
        4.878,
        30,
        4.989,
        14.287,
        5.1,
        0,
        1,
        5.233,
        -17.144,
        5.367,
        -21,
        5.5,
        -21,
        0,
        6.1,
        0,
        0,
        6.5,
        -11,
        0,
        7.1,
        24,
        0,
        7.7,
        -11,
        0,
        8.1,
        21,
        0,
        8.5,
        -11,
        1,
        8.656,
        -11,
        8.811,
        -4.925,
        8.967,
        -2.224
      ]
    },
    {
      "Target": "Parameter",
      "Id": "ParamAngleZ",
      "Segments": [
        0,
        -2.148,
        1,
        0.033,
        -0.806,
        0.067,
        0,
        0.1,
        0,
        0,
        0.5,
        -29,
        0,
        1.1,
        0,
        0,
        1.5,
        -29,
        0,
        2.1,
        26,
        0,
        2.5,
        -29,
        0,
        3.1,
        0,
        0,
        3.5,
        -29,
        0,
        4.1,
        0,
        0,
        4.5,
        -12,
        0,
        5.1,
        17,
        0,
        5.5,
        -29,
        0,
        6.1,
        0,
        0,
        6.5,
        -29,
        0,
        7.1,
        15,
        0,
        7.7,
        -29,
        0,
        8.1,
        0,
        0,
        8.5,
        -29,
        1,
        8.656,
        -29,
        8.811,
        -11.457,
        8.967,
        -3.66
      ]
    },
    {
      "Target": "Parameter",
      "Id": "ParamEyeBallX",
      "Segments": [
        0,
        0,
        2,
        0.533,
        0,
        0,
        1.233,
        0.4,
        0,
        1.833,
        -0.5,
        0,
        2.767,
        0.5,
        0,
        3.667,
        -0.6,
        0,
        5.167,
        0,
        0,
        6.767,
        -0.6,
        0,
        8.2,
        0,
        2,
        8.967,
        0
      ]
    },
    {
      "Target": "Parameter",
      "Id": "ParamEyeBallY",
      "Segments": [
        0,
        0,
        2,
        0.533,
        0,
        0,
        1.233,
        -0.6,
        1,
        1.433,
        -0.6,
        1.633,
        -0.612,
        1.833,
        -0.4,
        1,
        2.144,
        -0.07,
        2.456,
        0.4,
        2.767,
        0.4,
        1,
        3.067,
        0.4,
        3.367,
        0.403,
        3.667,
        0.1,
        1,
        4.167,
        -0.406,
        4.667,
        -1,
        5.167,
        -1,
        1,
        5.7,
        -1,
        6.234,
        -0.238,
        6.767,
        -0.1,
        1,
        7.245,
        0.024,
        7.722,
        0,
        8.2,
        0,
        2,
        8.967,
        0
      ]
    },
    {
      "Target": "Parameter",
      "Id": "ParamMouthOpenY",
      "Segments": [
        0,
        0.7,
        0,
        0.233,
        0.6,
        0,
        1.167,
        1,
        0,
        2.067,
        0.4,
        1,
        2.278,
        0.4,
        2.489,
        0.402,
        2.7,
        0.5,
        1,
        2.856,
        0.572,
        3.011,
        0.8,
        3.167,
        0.8,
        1,
        3.434,
        0.8,
        3.7,
        0.779,
        3.967,
        0.7,
        1,
        4.045,
        0.677,
        4.122,
        0.6,
        4.2,
        0.6,
        0,
        5.133,
        1,
        0,
        6.033,
        0.4,
        0,
        7.133,
        0.8,
        1,
        7.4,
        0.8,
        7.666,
        0.779,
        7.933,
        0.7,
        1,
        8.011,
        0.677,
        8.089,
        0.6,
        8.167,
        0.6,
        1,
        8.434,
        0.6,
        8.7,
        0.894,
        8.967,
        0.978
      ]
    },
    {
      "Target": "Parameter",
      "Id": "ParamBodyAngleX",
      "Segments": [
        0,
        0,
        0,
        0.367,
        -10,
        1,
        0.567,
        -10,
        0.767,
        -5.866,
        0.967,
        0,
        1,
        1.1,
        3.911,
        1.234,
        5,
        1.367,
        5,
        0,
        1.967,
        0,
        0,
        2.367,
        4,
        0,
        2.967,
        0,
        0,
        3.367,
        7,
        1,
        3.567,
        7,
        3.767,
        5.85,
        3.967,
        0,
        1,
        4.089,
        -3.575,
        4.211,
        -10,
        4.333,
        -10,
        1,
        4.411,
        -10,
        4.489,
        -5.187,
        4.567,
        -4,
        1,
        4.689,
        -2.135,
        4.811,
        -1.868,
        4.933,
        0,
        1,
        5.066,
        2.038,
        5.2,
        5,
        5.333,
        5,
        0,
        5.933,
        0,
        0,
        6.333,
        4,
        1,
        6.433,
        4,
        6.533,
        3.333,
        6.633,
        2,
        1,
        6.733,
        0.667,
        6.833,
        0,
        6.933,
        0,
        0,
        7.333,
        6,
        0,
        7.933,
        0,
        0,
        8.133,
        4,
        0,
        8.467,
        -5,
        1,
        8.611,
        -5,
        8.756,
        -3.461,
        8.9,
        0,
        1,
        8.922,
        0.532,
        8.945,
        1.026,
        8.967,
        1.48
      ]
    },
    {
      "Target": "Parameter",
      "Id": "ParamBodyAngleY",
      "Segments": [
        0,
        0,
        0,
        0.367,
        -0.4,
        0,
        0.967,
        0,
        0,
        1.367,
        -6.9,
        0,
        1.967,
        0,
        0,
        2.367,
        -6.9,
        0,
        2.967,
        0,
        2,
        3.367,
        0,
        2,
        3.967,
        0,
        1,
        4.089,
        0,
        4.211,
        0.009,
        4.333,
        -0.4,
        1,
        4.411,
        -0.66,
        4.489,
        -3.1,
        4.567,
        -3.1,
        0,
        4.933,
        0,
        0,
        5.333,
        -6.9,
        0,
        5.933,
        0,
        0,
        6.333,
        -6.9,
        1,
        6.433,
        -6.9,
        6.533,
        -7.013,
        6.633,
        -6,
        1,
        6.733,
        -4.987,
        6.833,
        0,
        6.933,
        0,
        0,
        7.333,
        -10,
        0,
        7.933,
        0,
        0,
        8.133,
        -8.8,
        1,
        8.244,
        -8.8,
        8.356,
        -4.603,
        8.467,
        -2.7,
        1,
        8.611,
        -0.226,
        8.756,
        0,
        8.9,
        0,
        1,
        8.922,
        0,
        8.945,
        -0.192,
        8.967,
        -0.511
      ]
    },
    {
      "Target": "Parameter",
      "Id": "ParamBreath",
      "Segments": [
        0,
        0,
        0,
        0.367,
        1,
        0,
        0.967,
        0,
        0,
        1.367,
        1,
        0,
        1.967,
        0,
        0,
        2.367,
        1,
        0,
        2.967,
        0,
        0,
        3.367,
        1,
        0,
        3.967,
        0,
        0,
        4.333,
        1,
        0,
        4.933,
        0,
        0,
        5.333,
        1,
        0,
        5.933,
        0,
        0,
        6.333,
        1,
        0,
        6.933,
        0,
        0,
        7.333,
        1,
        0,
        7.933,
        0,
        0,
        8.333,
        1,
        0,
        8.933,
        0,
        2,
        8.967,
        0
      ]
    },
    {
      "Target": "Parameter",
      "Id": "ParamHairFront",
      "Segments": [
        0,
        0.748,
        1,
        0.044,
        0.901,
        0.089,
        1,
        0.133,
        1,
        0,
        0.533,
        -1,
        0,
        1.133,
        1,
        0,
        1.533,
        -1,
        0,
        2.133,
        1,
        0,
        2.533,
        -1,
        0,
        3.133,
        1,
        0,
        3.533,
        -1,
        0,
        4.133,
        1,
        0,
        4.533,
        -1,
        0,
        5.133,
        1,
        0,
        5.533,
        -1,
        0,
        6.133,
        1,
        0,
        6.533,
        -1,
        0,
        7.133,
        1,
        0,
        7.533,
        -1,
        0,
        8.133,
        1,
        0,
        8.533,
        -1,
        1,
        8.678,
        -1,
        8.822,
        0.043,
        8.967,
        0.623
      ]
    },
    {
      "Target": "Parameter",
      "Id": "ParamHairSide",
      "Segments": [
        0,
        -0.748,
        1,
        0.044,
        -0.901,
        0.089,
        -1,
        0.133,
        -1,
        0,
        0.533,
        1,
        0,
        1.133,
        -1,
        0,
        1.533,
        1,
        0,
        2.133,
        -1,
        0,
        2.533,
        1,
        0,
        3.133,
        -1,
        0,
        3.533,
        1,
        0,
        4.133,
        -1,
        0,
        4.533,
        1,
        0,
        5.133,
        -1,
        0,
        5.533,
        1,
        0,
        6.133,
        -1,
        0,
        6.533,
        1,
        0,
        7.133,
        -1,
        0,
        7.533,
        1,
        0,
        8.133,
        -1,
        0,
        8.533,
        1,
        1,
        8.678,
        1,
        8.822,
        -0.043,
        8.967,
        -0.623
      ]
    },
    {
      "Target": "Parameter",
      "Id": "ParamHairBack",
      "Segments": [
        0,
        -0.374,
        1,
        0.044,
        -0.451,
        0.089,
        -0.5,
        0.133,
        -0.5,
        0,
        0.533,
        0.5,
        0,
        1.133,
        -0.5,
        0,
        1.533,
        0.5,
        0,
        2.133,
        -0.5,
        0,
        2.533,
        0.5,
        0,
        3.133,
        -0.5,
        0,
        3.533,
        0.5,
        0,
        4.133,
        -0.5,
        0,
        4.533,
        0.5,
        0,
        5.133,
        -0.5,
        0,
        5.533,
        0.5,
        0,
        6.133,
        -0.5,
        0,
        6.533,
        0.5,
        0,
        7.133,
        -0.5,
        0,
        7.533,
        0.5,
        0,
        8.133,
        -0.5,
        0,
        8.533,
        0.5,
        1,
        8.678,
        0.5,
        8.822,
        -0.022,
        8.967,
        -0.311
      ]
    },
    {
      "Target": "PartOpacity",
      "Id": "Part21",
      "Segments": [
        0,
        0,
        0,
        8.97,
        0
      ]
    },
    {
      "Target": "PartOpacity",
      "Id": "Part18",
      "Segments": [
        0,
        0,
        0,
        8.97,
        0
      ]
    }
  ],
  "UserData": [
    {
      "Time": 0.0,
      "Value": ""
    }
  ]
}